{
  "packages": [
    {
      "name": "xCore",
      "websiteURL": "",
      "maintainer": "",
      "email": "",
      "help": {
        "online": ""
      },
      "platforms": [
        {
          "name": "xCoreESP32",
          "architecture": "esp32",
          "version": "1.6.7",
          "category": "Contributed",
          "url": "file:///xCore/xCoreESP32-1.6.7.tar.bz2",
          "archiveFileName": "xCoreESP32-1.6.7.tar.bz2",
          "checksum": "SHA-256:49a676a9fdb01f56a5b0ed9e07338c594beba92bb23b53330979fce6241a57b4",
          "size": "46490370",
          "boards": [
            {
              "name": "ESP32 Dev Module"
            },
            {
              "name": "WEMOS LoLin32"
            },
            {
              "name": "WEMOS D1 MINI ESP32"
            }
          ],
          "toolsDependencies": [
            {
              "packager": "xCore",
              "name": "xtensa-esp32-elf-gcc",
              "version": "1.22.0-97-gc752ad5-5.2.0"
            },
            {
              "packager": "xCore",
              "name": "esptool_py",
              "version": "3.0.0"
            },
            {
              "packager": "xCore",
              "name": "mkspiffs",
              "version": "0.2.3"
            }
          ]
        }
      ],
      "tools": [
        {
          "name": "xtensa-esp32-elf-gcc",
          "version": "1.22.0-97-gc752ad5-5.2.0",
          "systems": [
            {
              "host": "i686-mingw32",
              "url": "https://github.com/espressif/arduino-esp32/releases/download/1.0.5-rc5/xtensa-esp32-elf-win32-1.22.0-97-gc752ad5-5.2.0.zip",
              "archiveFileName": "xtensa-esp32-elf-win32-1.22.0-97-gc752ad5-5.2.0.zip",
              "checksum": "SHA-256:80571e5d5a63494f4fa758bb9d8fb882ba4059853a8c412a84d232dc1c1400e6",
              "size": "125747216"
            },
            {
              "host": "x86_64-apple-darwin",
              "url": "https://github.com/espressif/arduino-esp32/releases/download/1.0.5-rc5/xtensa-esp32-elf-macos-1.22.0-97-gc752ad5-5.2.0.tar.gz",
              "archiveFileName": "xtensa-esp32-elf-macos-1.22.0-97-gc752ad5-5.2.0.tar.gz",
              "checksum": "SHA-256:b1ce39a563ae359cf363fb7d8ee80cb1e5226fda83188203cff60f16f55e33ef",
              "size": "50525386"
            },
            {
              "host": "x86_64-pc-linux-gnu",
              "url": "https://github.com/espressif/arduino-esp32/releases/download/1.0.5-rc5/xtensa-esp32-elf-linux64-1.22.0-97-gc752ad5-5.2.0.tar.gz",
              "archiveFileName": "xtensa-esp32-elf-linux64-1.22.0-97-gc752ad5-5.2.0.tar.gz",
              "checksum": "SHA-256:96f5f6e7611a0ed1dc47048c54c3113fc5cebffbf0ba90d8bfcd497afc7ef9f3",
              "size": "44225380"
            },
            {
              "host": "i686-pc-linux-gnu",
              "url": "https://github.com/espressif/arduino-esp32/releases/download/1.0.5-rc5/xtensa-esp32-elf-linux32-1.22.0-97-gc752ad5-5.2.0.tar.gz",
              "archiveFileName": "xtensa-esp32-elf-linux32-1.22.0-97-gc752ad5-5.2.0.tar.gz",
              "checksum": "SHA-256:8094a2c30b474e99ce64dd0ba8f310c4614eb3b3cac884a3aea0fd5f565af119",
              "size": "45575521"
            },
            {
              "host": "arm-linux-gnueabihf",
              "url": "https://github.com/espressif/arduino-esp32/releases/download/1.0.5-rc5/xtensa-esp32-elf-linux-armel-1.22.0-97-gc752ad5-5.2.0.tar.gz",
              "archiveFileName": "xtensa-esp32-elf-linux-armel-1.22.0-97-gc752ad5-5.2.0.tar.gz",
              "checksum": "SHA-256:d70d550f88448fa476b29fa50ef5502ab497a16ac7fa9ca24c6d0a39bb1e681e",
              "size": "50657803"
            },
            {
              "host": "aarch64-linux-gnu",
              "url": "https://github.com/espressif/arduino-esp32/releases/download/1.0.5-rc5/xtensa-esp32-elf-linux-armel-1.22.0-97-gc752ad5-5.2.0.tar.gz",
              "archiveFileName": "xtensa-esp32-elf-linux-armel-1.22.0-97-gc752ad5-5.2.0.tar.gz",
              "checksum": "SHA-256:d70d550f88448fa476b29fa50ef5502ab497a16ac7fa9ca24c6d0a39bb1e681e",
              "size": "50657803"
            }
          ]
        },
        {
          "name": "esptool_py",
          "version": "3.0.0",
          "systems": [
            {
              "host": "i686-mingw32",
              "url": "https://github.com/espressif/arduino-esp32/releases/download/1.0.5-rc5/esptool-3.0.0.2-windows.zip",
              "archiveFileName": "esptool-3.0.0.2-windows.zip",
              "checksum": "SHA-256:b192bfc1545a3c92658ce586b4edcc2aca3f0ad4b3fa8417d658bc8a48f1387e",
              "size": "3434736"
            },
            {
              "host": "x86_64-apple-darwin",
              "url": "https://github.com/espressif/arduino-esp32/releases/download/1.0.5-rc5/esptool-3.0.0.2-macos.tar.gz",
              "archiveFileName": "esptool-3.0.0.2-macos.tar.gz",
              "checksum": "SHA-256:2cafab7f1ebce89475b84c115548eaace40b6366d7b3f9862cdb2fc64f806643",
              "size": "3859642"
            },
            {
              "host": "x86_64-pc-linux-gnu",
              "url": "https://github.com/espressif/arduino-esp32/releases/download/1.0.5-rc5/esptool-3.0.0.2-linux.tar.gz",
              "archiveFileName": "esptool-3.0.0.2-linux.tar.gz",
              "checksum": "SHA-256:d5cb51da1c74ff69f81b820470d2ecccb5c7c3a2dec7776483d4c89588b00020",
              "size": "57526"
            },
            {
              "host": "i686-pc-linux-gnu",
              "url": "https://github.com/espressif/arduino-esp32/releases/download/1.0.5-rc5/esptool-3.0.0.2-linux.tar.gz",
              "archiveFileName": "esptool-3.0.0.2-linux.tar.gz",
              "checksum": "SHA-256:d5cb51da1c74ff69f81b820470d2ecccb5c7c3a2dec7776483d4c89588b00020",
              "size": "57526"
            },
            {
              "host": "arm-linux-gnueabihf",
              "url": "https://github.com/espressif/arduino-esp32/releases/download/1.0.5-rc5/esptool-3.0.0.2-linux.tar.gz",
              "archiveFileName": "esptool-3.0.0.2-linux.tar.gz",
              "checksum": "SHA-256:d5cb51da1c74ff69f81b820470d2ecccb5c7c3a2dec7776483d4c89588b00020",
              "size": "57526"
            },
            {
              "host": "aarch64-linux-gnu",
              "url": "https://github.com/espressif/arduino-esp32/releases/download/1.0.5-rc5/esptool-3.0.0.2-linux.tar.gz",
              "archiveFileName": "esptool-3.0.0.2-linux.tar.gz",
              "checksum": "SHA-256:d5cb51da1c74ff69f81b820470d2ecccb5c7c3a2dec7776483d4c89588b00020",
              "size": "57526"
            }
          ]
        },
        {
          "name": "mkspiffs",
          "version": "0.2.3",
          "systems": [
            {
              "host": "i686-mingw32",
              "url": "https://github.com/igrr/mkspiffs/releases/download/0.2.3/mkspiffs-0.2.3-arduino-esp32-win32.zip",
              "archiveFileName": "mkspiffs-0.2.3-arduino-esp32-win32.zip",
              "checksum": "SHA-256:b647f2c2efe6949819c85ea9404271b55c7c9c25bcb98d3b98a1d0ba771adf56",
              "size": "249809"
            },
            {
              "host": "x86_64-apple-darwin",
              "url": "https://github.com/igrr/mkspiffs/releases/download/0.2.3/mkspiffs-0.2.3-arduino-esp32-osx.tar.gz",
              "archiveFileName": "mkspiffs-0.2.3-arduino-esp32-osx.tar.gz",
              "checksum": "SHA-256:9f43fc74a858cf564966b5035322c3e5e61c31a647c5a1d71b388ed6efc48423",
              "size": "130270"
            },
            {
              "host": "i386-apple-darwin",
              "url": "https://github.com/igrr/mkspiffs/releases/download/0.2.3/mkspiffs-0.2.3-arduino-esp32-osx.tar.gz",
              "archiveFileName": "mkspiffs-0.2.3-arduino-esp32-osx.tar.gz",
              "checksum": "SHA-256:9f43fc74a858cf564966b5035322c3e5e61c31a647c5a1d71b388ed6efc48423",
              "size": "130270"
            },
            {
              "host": "x86_64-pc-linux-gnu",
              "url": "https://github.com/igrr/mkspiffs/releases/download/0.2.3/mkspiffs-0.2.3-arduino-esp32-linux64.tar.gz",
              "archiveFileName": "mkspiffs-0.2.3-arduino-esp32-linux64.tar.gz",
              "checksum": "SHA-256:5e1a4ff41385e842f389f6b5254102a547e566a06b49babeffa93ef37115cb5d",
              "size": "50646"
            },
            {
              "host": "i686-pc-linux-gnu",
              "url": "https://github.com/igrr/mkspiffs/releases/download/0.2.3/mkspiffs-0.2.3-arduino-esp32-linux32.tar.gz",
              "archiveFileName": "mkspiffs-0.2.3-arduino-esp32-linux32.tar.gz",
              "checksum": "SHA-256:464463a93e8833209cdc29ba65e1a12fec31718dc10075c195a2445b2c3f6cb0",
              "size": "48751"
            },
            {
              "host": "arm-linux-gnueabihf",
              "url": "https://github.com/igrr/mkspiffs/releases/download/0.2.3/mkspiffs-0.2.3-arduino-esp32-linux-armhf.tar.gz",
              "archiveFileName": "mkspiffs-0.2.3-arduino-esp32-linux-armhf.tar.gz",
              "checksum": "SHA-256:ade3dc00117912ac08a1bdbfbfe76b12d21a34bc5fa1de0cfc45fe7a8d0a0185",
              "size": "40665"
            },
            {
              "host": "aarch64-linux-gnu",
              "url": "https://github.com/igrr/mkspiffs/releases/download/0.2.3/mkspiffs-0.2.3-arduino-esp32-linux-armhf.tar.gz",
              "archiveFileName": "mkspiffs-0.2.3-arduino-esp32-linux-armhf.tar.gz",
              "checksum": "SHA-256:ade3dc00117912ac08a1bdbfbfe76b12d21a34bc5fa1de0cfc45fe7a8d0a0185",
              "size": "40665"
            }
          ]
        }
      ]
    }
  ]
}